id,cwe,level,type,file,line,source,sink,category
JSEF-SQLI-001,89,L1,vuln,src/main/java/com/freedom/securitysamples/vulnerability/sqlInjection/vuln/SqlInjectionUnsafeController.java,59,@RequestParam username,jdbcTemplate.queryForList,sql-injection
JSEF-SQLI-002,89,L2,vuln,src/main/java/com/freedom/securitysamples/vulnerability/sqlInjection/vuln/SqlInjectionUnsafeController.java,94,@RequestParam username email role,jdbcTemplate.queryForList,sql-injection
JSEF-SQLI-001S,89,L1,safe,src/main/java/com/freedom/securitysamples/vulnerability/sqlInjection/sec/SqlInjectionSafeController.java,78,@RequestParam username,jdbcTemplate.query,sql-injection
JSEF-CMDi-001,78,L1,vuln,src/main/java/com/freedom/securitysamples/vulnerability/commandInjection/vuln/CommandInjectionUnsafeController.java,32,@RequestParam command,Runtime.getRuntime().exec,command-injection
JSEF-CMDi-002,78,L1,vuln,src/main/java/com/freedom/securitysamples/vulnerability/commandInjection/vuln/CommandInjectionUnsafeController.java,109,@RequestParam command,ProcessBuilder.start,command-injection
JSEF-CMDi-001S,78,L1,safe,src/main/java/com/freedom/securitysamples/vulnerability/commandInjection/sec/CommandInjectionSafeController.java,46,@RequestParam fileName,Runtime.getRuntime().exec,command-injection
JSEF-SPEL-001,917,L1,vuln,src/main/java/com/freedom/securitysamples/vulnerability/spelInjection/SpelInjectionVulnerabilityController.java,41,@RequestParam userControlledInput,spelParser.parseExpression,spel-injection
JSEF-SPEL-002,917,L1,vuln,src/main/java/com/freedom/securitysamples/vulnerability/spelInjection/SpelInjectionVulnerabilityController.java,57,@RequestParam userControlledInput,spelParser.parseRaw,spel-injection
JSEF-SPEL-003,917,L2,vuln,src/main/java/com/freedom/securitysamples/vulnerability/spelInjection/SpelInjectionVulnerabilityController.java,194,@RequestParam userControlledInput,spelParser.parseExpression,spel-injection
JSEF-FASTJSON-001,502,L1,vuln,src/main/java/com/freedom/securitysamples/vulnerability/thirdParty/vuln/FastjsonDeserializationUnsafeController.java,27,@RequestBody untrustedJsonStr,JSON.parseObject,fastjson-deserialization
JSEF-FASTJSON-002,502,L2,vuln,src/main/java/com/freedom/securitysamples/vulnerability/thirdParty/vuln/FastjsonDeserializationUnsafeController.java,39,@RequestBody untrustedJsonStr,JSON.parseObject(AutoType),fastjson-deserialization
JSEF-FASTJSON-003,502,L1,vuln,src/main/java/com/freedom/securitysamples/vulnerability/thirdParty/vuln/FastjsonDeserializationUnsafeController.java,53,@RequestBody untrustedJsonStr,JSON.parse,fastjson-deserialization
JSEF-FASTJSON-001S,502,L1,safe,src/main/java/com/freedom/securitysamples/vulnerability/thirdParty/sec/FastjsonDeserializationSafeController.java,29,@RequestBody untrustedJsonStr,JSON.parseObject,fastjson-deserialization
JSEF-DESER-001,502,L1,vuln,src/main/java/com/freedom/securitysamples/vulnerability/unsafeDeserialization/DeserializeController.java,29,HTTP param serializedData,ObjectInputStream.readObject,unsafe-deserialization
JSEF-DESER-003,502,L2,vuln,src/main/java/com/freedom/securitysamples/vulnerability/unsafeDeserialization/DeserializeController.java,52,@RequestBody jsonData,ObjectMapper.readValue(enableDefaultTyping),unsafe-deserialization
JSEF-DESER-004,502,L5,vuln,src/main/java/com/freedom/securitysamples/vulnerability/unsafeDeserialization/DeserializeController.java,81,gadget-chain(InvokerTransformer),TransformedMap.decorate,unsafe-deserialization
JSEF-XPATH-001,643,L1,vuln,src/main/java/com/freedom/securitysamples/vulnerability/xpathInjection/XPathInjectionVulnerabilityController.java,58,@RequestParam expression,XPath.compile,xpath-injection
JSEF-XPATH-002,643,L1,vuln,src/main/java/com/freedom/securitysamples/vulnerability/xpathInjection/XPathInjectionVulnerabilityController.java,90,@RequestParam expression,DOMXPath.selectNodes,xpath-injection
JSEF-LDAP-001,90,L1,vuln,src/main/java/com/freedom/securitysamples/vulnerability/ldapInjection/LdapInjectionVulnerabilityController.java,54,@RequestParam userInput,InitialDirContext.search,ldap-injection
JSEF-LDAP-002,90,L1,vuln,src/main/java/com/freedom/securitysamples/vulnerability/ldapInjection/LdapInjectionVulnerabilityController.java,97,@RequestParam dept title,InitialDirContext.search,ldap-injection
JSEF-TP-001,78,L1,vuln,benchmark/cases/vuln/TaintSingleHop.java,22,userInput,Runtime.getRuntime().exec,command-injection
JSEF-TP-001S,78,L1,safe,benchmark/cases/sec/TaintSingleHopSafe.java,30,userInput,Runtime.getRuntime().exec,command-injection
JSEF-TP-002,78,L2,vuln,benchmark/cases/vuln/TaintMultiHop.java,24,userInput,Runtime.getRuntime().exec,command-injection
JSEF-TP-002S,78,L2,safe,benchmark/cases/sec/TaintMultiHopSafe.java,29,userInput,Runtime.getRuntime().exec,command-injection
JSEF-TP-003,78,L3,vuln,benchmark/cases/vuln/TaintIndirectMap.java,30,Map.get(cmd),Runtime.getRuntime().exec,command-injection
JSEF-TP-003S,78,L3,safe,benchmark/cases/sec/TaintIndirectMapSafe.java,32,Map.get(cmd),Runtime.getRuntime().exec,command-injection
JSEF-TP-004,78,L3,vuln,benchmark/cases/vuln/TaintCrossMethod.java,27,methodA(input),Runtime.getRuntime().exec,command-injection
JSEF-TP-004S,78,L3,safe,benchmark/cases/sec/TaintCrossMethodSafe.java,28,methodA(input),Runtime.getRuntime().exec,command-injection
JSEF-TP-005,917,L4,vuln,benchmark/cases/vuln/SpelFrameworkSemantics.java,44,@RequestParam(class.module.classLoader),SpelEvaluationContext/parseExpression,spel-injection
JSEF-TP-005S,917,L4,safe,benchmark/cases/sec/SpelFrameworkSemanticsSafe.java,38,@RequestParam(class.module.classLoader),SimpleEvaluationContext,spel-injection
JSEF-LOG4J-001,917,L3,vuln,benchmark/cases/vuln/Log4jJndiInjection.java,39,untrusted log input,JndiLookup.lookup,log4j-jndi
JSEF-LOG4J-001S,917,L3,safe,benchmark/cases/sec/Log4jJndiInjectionSafe.java,38,untrusted log input,JndiLookup.lookup,log4j-jndi
JSEF-CONF-SQL-001,89,L1,vuln,benchmark/cases/vuln/ConfusionSqlWhitelist.java,18,user input,jdbcTemplate.queryForList,sql-injection
JSEF-CONF-SQL-001S,89,L1,safe,benchmark/cases/sec/ConfusionSqlWhitelistSafe.java,19,user input,jdbcTemplate.queryForList,sql-injection
JSEF-CONF-SPEL-001,917,L1,vuln,benchmark/cases/vuln/ConfusionSpelConstantSink.java,18,user input,spelParser.parseExpression,spel-injection
JSEF-CONF-SPEL-001S,917,L1,safe,benchmark/cases/sec/ConfusionSpelConstantSafe.java,17,user input,spelParser.parseExpression,spel-injection
JSEF-CONF-CMD-001,78,L1,vuln,benchmark/cases/vuln/ConfusionCmdSanitized.java,17,user input,Runtime.getRuntime().exec,command-injection
JSEF-CONF-CMD-001S,78,L1,safe,benchmark/cases/sec/ConfusionCmdSanitizedSafe.java,17,user input,Runtime.getRuntime().exec,command-injection
JSEF-CHAIN-001,78,L4,vuln,benchmark/cases/vuln/ChainController.java,34,@RequestParam input,Runtime.getRuntime().exec,command-injection
JSEF-CHAIN-001S,78,L4,safe,benchmark/cases/sec/ChainControllerSafe.java,31,@RequestParam input,Runtime.getRuntime().exec,command-injection
JSEF-GADGET-001,502,L5,vuln,benchmark/cases/vuln/GadgetChainDeserialization.java,99,untrusted bytes,Method.invoke(exec),unsafe-deserialization
JSEF-GADGET-001S,502,L5,safe,benchmark/cases/sec/GadgetChainDeserializationSafe.java,51,untrusted bytes,Method.invoke(exec),unsafe-deserialization
JSEF-VEND-SQL-001,89,L1,vuln,benchmark/cases/vendor/OwaspStyle_SQLi_Confusion.java,29,userInput,Statement.executeQuery,sql-injection
JSEF-VEND-SQL-001S,89,L1,safe,benchmark/cases/vendor/OwaspStyle_SQLi_Confusion.java,39,userInput,PreparedStatement.executeQuery,sql-injection
JSEF-VEND-CMD-001,78,L4,vuln,benchmark/cases/vendor/JulietStyle_CommandInjection_CrossFile.java,23,userData,Runtime.getRuntime().exec,command-injection
JSEF-VEND-CMD-001S,78,L4,safe,benchmark/cases/vendor/JulietStyle_CommandInjection_CrossFile_Good.java,25,userData,Runtime.getRuntime().exec,command-injection
JSEF-VEND-PT-001,22,L2,vuln,benchmark/cases/vendor/PrimeVulStyle_PathTraversal.java,34,request.getParameter("file"),new FileInputStream,path-traversal
JSEF-VEND-PT-001S,22,L2,safe,benchmark/cases/vendor/PrimeVulStyle_PathTraversalSafe.java,30,request.getParameter("file"),Files.newInputStream,path-traversal
JSEF-VEND-RND-001,330,L1,vuln,benchmark/cases/vendor/OwaspStyle_WeakRandom.java,24,Random.nextInt,String(concat),weak-random
JSEF-VEND-RND-001S,330,L1,safe,benchmark/cases/vendor/OwaspStyle_WeakRandom.java,33,SecureRandom.nextInt,String(concat),weak-random
JSEF-VEND-XSS-001,79,L1,vuln,benchmark/cases/vendor/JulietStyle_XSS_Reflect.java,28,request.getParameter("name"),response.getWriter().print,xss-reflected
JSEF-VEND-XSS-001S,79,L1,safe,benchmark/cases/vendor/JulietStyle_XSS_Reflect.java,37,request.getParameter("name"),response.getWriter().print,xss-reflected
JSEF-SSRF-001,918,L1,vuln,benchmark/cases/vuln/SsrfSingleHop.java,15,request.getParameter("url"),URL.openConnection,ssrf
JSEF-SSRF-001S,918,L3,safe,benchmark/cases/sec/SsrfWhitelistSafe.java,32,request.getParameter("url"),URL.openConnection,ssrf
JSEF-XXE-001,611,L1,vuln,benchmark/cases/vuln/XxeUnsafe.java,19,untrusted xml,DocumentBuilder.parse,xxe
JSEF-XXE-001S,611,L3,safe,benchmark/cases/sec/XxeSafeConfig.java,26,untrusted xml,DocumentBuilder.parse,xxe
JSEF-NOSQL-001,943,L3,vuln,benchmark/cases/vuln/NosqlInjectionMongo.java,23,query param,MongoCollection.find,nosql-injection
JSEF-NOSQL-001S,943,L3,safe,benchmark/cases/sec/NosqlInjectionSafe.java,27,query param,MongoCollection.find,nosql-injection
JSEF-JWT-001,345,L3,vuln,benchmark/cases/vuln/JwtAuthBypass.java,19,Authorization token,Jwts.parser().parseClaimsJwt,jwt-auth-bypass
JSEF-JWT-001S,345,L3,safe,benchmark/cases/sec/JwtAuthSafe.java,24,Authorization token,Jwts.parser().parseClaimsJws,jwt-auth-bypass
JSEF-IDOR-001,639,L4,vuln,benchmark/cases/vuln/IdorObjectOwnership.java,29,"user-controlled id","repo.findById(id) (no owner check)",idor-broken-access-control
JSEF-IDOR-001S,639,L4,safe,benchmark/cases/sec/IdorSafe.java,23,"user-controlled id","if(!owner.equals) throw 403",idor-broken-access-control
JSEF-JACKSON-001,502,L3,vuln,benchmark/cases/vuln/JacksonPolymorphic.java,27,untrusted JSON,"ObjectMapper.readValue (polymorphic, no allowlist)",jackson-poly-deserialization
JSEF-JACKSON-001S,502,L3,safe,benchmark/cases/sec/JacksonPolymorphicSafe.java,34,untrusted JSON,"ObjectMapper.readValue (allowlist + NAME)",jackson-poly-deserialization
JSEF-TEMPLATE-001,1336,L3,vuln,benchmark/cases/vuln/TemplateInjection.java,25,"user-controlled template name/content",TemplateEngine.process,template-injection
JSEF-TEMPLATE-001S,1336,L3,safe,benchmark/cases/sec/TemplateInjectionSafe.java,24,"user-controlled input (data only)","TemplateEngine.process (fixed template)",template-injection
JSEF-CRYPTO-001,327,L1,vuln,benchmark/cases/vuln/CryptoWeakHash.java,19,plaintext password,"MessageDigest.getInstance(""MD5"")",weak-hash
JSEF-CRYPTO-002,798,L2,vuln,benchmark/cases/vuln/CryptoHardcodedKey.java,27,plaintext,"Cipher(AES/ECB, hardcoded key)",hardcoded-key-ecb
JSEF-CRYPTO-001S,327,L1,safe,benchmark/cases/sec/CryptoSafe.java,31,plaintext password,"PBKDF2WithHmacSHA256 (random salt)",weak-hash
JSEF-CRYPTO-002S,798,L2,safe,benchmark/cases/sec/CryptoSafe.java,46,plaintext,"Cipher(AES/GCM, SecureRandom key)",hardcoded-key-ecb
JSEF-GROOVY-001,917,L1,vuln,src/main/java/com/freedom/securitysamples/vulnerability/groovyInjection/GroovyInjectionVulnerabilityController.java,57,@RequestParam groovyScript,GroovyScriptEvaluator.evaluate,groovy-injection
JSEF-GROOVY-002,917,L1,vuln,src/main/java/com/freedom/securitysamples/vulnerability/groovyInjection/GroovyInjectionVulnerabilityController.java,101,@RequestParam groovyScript,GroovyShell.evaluate,groovy-injection
JSEF-MVEL-001,917,L1,vuln,src/main/java/com/freedom/securitysamples/vulnerability/mvelInjection/MvelInjectionVulnerabilityController.java,45,@RequestParam userInputExpression,MVEL.eval,mvel-injection
JSEF-MVEL-002,917,L1,vuln,src/main/java/com/freedom/securitysamples/vulnerability/mvelInjection/MvelInjectionVulnerabilityController.java,60,@RequestParam userInputExpression,MVEL.executeExpression,mvel-injection
JSEF-BEANSHELL-001,917,L1,vuln,src/main/java/com/freedom/securitysamples/vulnerability/beanShellInjection/ScriptInjectionVulnerabilityController.java,46,@RequestParam userProvidedScript,BshScriptEvaluator.evaluate,beanshell-injection
JSEF-BEANSHELL-002,917,L1,vuln,src/main/java/com/freedom/securitysamples/vulnerability/beanShellInjection/ScriptInjectionVulnerabilityController.java,80,@RequestParam userCommand,Runtime.getRuntime().exec,beanshell-injection
JSEF-OGNL-001,917,L1,vuln,src/main/java/com/freedom/securitysamples/vulnerability/onglInjection/OgnlInjectionVulnerabilityController.java,27,@RequestParam userControlledOgnlExpression,Ognl.getValue/parseExpression,ognl-injection
JSEF-OGNL-002,917,L2,vuln,src/main/java/com/freedom/securitysamples/vulnerability/onglInjection/OgnlInjectionVulnerabilityController.java,43,@RequestParam userInputCommand,Ognl.getValue(Runtime.exec),ognl-injection
JSEF-SCRIPT-001,917,L1,vuln,src/main/java/com/freedom/securitysamples/vulnerability/scriptEngineInjection/ScriptEngineInjectionVulnerabilityController.java,34,@RequestParam userControlledScript,ScriptEngine.eval,script-engine-injection
JSEF-SCRIPT-002,917,L1,vuln,src/main/java/com/freedom/securitysamples/vulnerability/scriptEngineInjection/ScriptEngineInjectionVulnerabilityController.java,100,@RequestParam userControlledScript,CompiledScript.eval,script-engine-injection
JSEF-TEMPLATE-002,1336,L1,vuln,src/main/java/com/freedom/securitysamples/vulnerability/templateInjection/TemplateInjectionVulnerabilityController.java,55,@RequestParam userInput,Template.process,template-injection
JSEF-TEMPLATE-003,1336,L1,vuln,src/main/java/com/freedom/securitysamples/vulnerability/templateInjection/TemplateInjectionVulnerabilityController.java,91,@RequestParam userInput,TemplateEngine.process,template-injection
JSEF-JNDI-001,917,L1,vuln,src/main/java/com/freedom/securitysamples/vulnerability/jndiInjection/JndiInjectionVulnerabilityController.java,51,@RequestParam jndiResourceName,InitialContext.lookup,jndi-injection
JSEF-JNDI-002,917,L2,vuln,src/main/java/com/freedom/securitysamples/vulnerability/jndiInjection/JndiInjectionVulnerabilityController.java,91,@RequestBody userInput,Context.lookup(rmi),jndi-injection
JSEF-YAML-001,502,L1,vuln,src/main/java/com/freedom/securitysamples/vulnerability/yamlDeserialization/YamlController.java,22,@RequestParam yamlPayload,Yaml.loadAs,yaml-deserialization
JSEF-YAML-002,502,L1,vuln,src/main/java/com/freedom/securitysamples/vulnerability/yamlDeserialization/YamlController.java,31,@RequestParam yamlPayload,Yaml.load,yaml-deserialization
JSEF-AUTHBYPASS-001,287,L1,vuln,src/main/java/com/freedom/securitysamples/vulnerability/authBypass/vuln/AuthenticationBypassUnsafeController.java,37,@RequestParam role,admin-info access (no auth),auth-bypass
JSEF-AUTHBYPASS-002,287,L1,vuln,src/main/java/com/freedom/securitysamples/vulnerability/authBypass/vuln/AuthenticationBypassUnsafeController.java,58,@RequestParam userId,user-profile access (no auth),auth-bypass
JSEF-AUTHBYPASS-001S,287,L1,safe,src/main/java/com/freedom/securitysamples/vulnerability/authBypass/sec/AuthenticationBypassSafeController.java,34,@RequestParam role,admin-info access (role from session),auth-bypass
JSEF-AUTHZBYPSS-001,285,L1,vuln,src/main/java/com/freedom/securitysamples/vulnerability/authorizationBypass/AuthorizationBypassVulnerabilityController.java,38,@PathVariable userId,user-info return (no authz),authorization-bypass
JSEF-BROKENAC-001,285,L1,vuln,src/main/java/com/freedom/securitysamples/vulnerability/brokenAccessControl/BrokenAccessControlVulnerabilityController.java,38,@PathVariable userId,user-info return (no access control),broken-access-control
JSEF-IDOR-002,639,L1,vuln,src/main/java/com/freedom/securitysamples/vulnerability/insecureDirectObjectReference/InsecureDirectObjectReferenceController.java,41,@RequestParam userId,user-profile return (no owner check),idor
JSEF-REDIRECT-001,601,L1,vuln,src/main/java/com/freedom/securitysamples/vulnerability/openRedirect/vuln/OpenRedirectUnsafeController.java,42,@RequestParam redirectUrl,response.sendRedirect,open-redirect
JSEF-REDIRECT-001S,601,L1,safe,src/main/java/com/freedom/securitysamples/vulnerability/openRedirect/sec/OpenRedirectSafeController.java,47,@RequestParam redirectUrl,response.sendRedirect (whitelist),open-redirect
JSEF-REDIRECT-002,601,L1,vuln,src/main/java/com/freedom/securitysamples/vulnerability/openRedirect/OpenRedirectVulnerabilityController.java,31,@RequestParam userProvidedUrl,redirect: prefix,open-redirect
JSEF-CORS-001,942,L1,vuln,src/main/java/com/freedom/securitysamples/vulnerability/corsConfig/CorsVulnerabilityController.java,39,response header Access-Control-Allow-Origin:*,any origin cross-domain access,cors-misconfig
JSEF-CLICKJACK-001,1021,L1,vuln,src/main/java/com/freedom/securitysamples/vulnerability/clickjacking/vuln/ClickjackingUnsafeController.java,43,response (no X-Frame-Options),page frameable by iframe,clickjacking
JSEF-CLICKJACK-001S,1021,L1,safe,src/main/java/com/freedom/securitysamples/vulnerability/clickjacking/sec/ClickjackingSafeController.java,33,response setHeader X-Frame-Options,frame denied,clickjacking
JSEF-CLICKJACK-002,1021,L1,vuln,src/main/java/com/freedom/securitysamples/vulnerability/clickjacking/ClickjackingVulnerabilityController.java,41,response (no X-Frame-Options),page frameable by iframe,clickjacking
JSEF-SECHEAD-001,1021,L1,vuln,src/main/java/com/freedom/securitysamples/vulnerability/securityHeaderMissing/SecurityHeaderMissingController.java,35,response (missing security headers),sensitive data without X-Frame-Options/CSP,security-header-missing
JSEF-SSRF-002,918,L1,vuln,src/main/java/com/freedom/securitysamples/vulnerability/serverSideRequestForgery/ServerSideRequestForgeryController.java,38,@RequestParam remoteResourceUrl,URL.openConnection,ssrf
JSEF-XXE-002,611,L1,vuln,src/main/java/com/freedom/securitysamples/vulnerability/xmlExternalEntity/XmlExternalEntityVulnerabilityController.java,71,@RequestParam xmlContent,DocumentBuilder.parse,xxe
JSEF-CRYPTOSRC-001,327,L1,vuln,src/main/java/com/freedom/securitysamples/vulnerability/cryptoVuln/vuln/CryptoVulnerabilityUnsafeController.java,47,userPassword,MessageDigest.getInstance("MD5"),weak-hash
JSEF-CRYPTOSRC-002,798,L1,vuln,src/main/java/com/freedom/securitysamples/vulnerability/cryptoVuln/vuln/CryptoVulnerabilityUnsafeController.java,59,hardcoded string,SecretKeySpec(hardcoded key),hardcoded-key
JSEF-CRYPTOSRC-003,798,L2,vuln,src/main/java/com/freedom/securitysamples/vulnerability/cryptoVuln/vuln/EncryptUnsafeController.java,61,staticSalt("12345678"),PBEKeySpec(hardcoded salt),hardcoded-key
JSEF-CRYPTOSRC-003S,798,L2,safe,src/main/java/com/freedom/securitysamples/vulnerability/cryptoVuln/sec/EncryptSafeController.java,70,randomSalt(SECURE_RANDOM),PBEKeySpec,hardcoded-key
JSEF-HARDCODED-001,798,L1,vuln,src/main/java/com/freedom/securitysamples/vulnerability/hardcodedCredentials/HardcodedCredentialsVulnerabilityController.java,68,hardcoded string,DriverManager.getConnection,hardcoded-credentials
JSEF-WEAKPWD-001,521,L1,vuln,src/main/java/com/freedom/securitysamples/vulnerability/weakPassword/WeakPasswordVulnerabilityController.java,43,@RequestParam password,plaintext equals comparison,weak-password
JSEF-DEFAULTCRED-001,798,L1,vuln,src/main/java/com/freedom/securitysamples/vulnerability/defaultCredentials/DefaultCredentialsVulnerabilityController.java,49,HARDCODED_USERNAME/PASSWORD,auth check,default-credentials
JSEF-SENSITIVE-001,532,L1,vuln,src/main/java/com/freedom/securitysamples/vulnerability/sensitiveDataExposure/SensitiveDataExposureController.java,34,@RequestParam userId,response body (plaintext password/idCard/creditCard),sensitive-data-exposure
JSEF-BIZLOGIC-001,840,L1,vuln,src/main/java/com/freedom/securitysamples/vulnerability/businessLogic/vuln/AccountManipulationUnsafeController.java,46,@RequestParam amount,account.updateBalance (no sign check),business-logic
JSEF-BIZLOGIC-002,840,L1,vuln,src/main/java/com/freedom/securitysamples/vulnerability/businessLogic/vuln/PriceTamperingUnsafeController.java,54,@RequestBody product.price,total calculation,business-logic
JSEF-BIZLOGIC-003,840,L2,vuln,src/main/java/com/freedom/securitysamples/vulnerability/businessLogic/vuln/CouponAbuseUnsafeController.java,52,@RequestParam couponCode,coupon.markAsUsed (no used/expiry check),business-logic
JSEF-BIZLOGIC-004,840,L2,vuln,src/main/java/com/freedom/securitysamples/vulnerability/businessLogic/vuln/InventoryOversellUnsafeController.java,57,@RequestParam quantity,Inventory.updateStock (non-atomic check-decrement),business-logic
JSEF-BIZLOGIC-003S,840,L2,safe,src/main/java/com/freedom/securitysamples/vulnerability/businessLogic/sec/CouponAbuseSafeController.java,88,couponCode,Coupon.markAsUsed (used/expiry/lock verified),business-logic
JSEF-MASSASSIGN-001,915,L1,vuln,src/main/java/com/freedom/securitysamples/vulnerability/massassignment/vuln/MassAssignmentUnsafeController.java,55,@RequestBody UserProfile,UserProfile.save (binds isAdmin),mass-assignment
JSEF-MASSASSIGN-001S,915,L1,safe,src/main/java/com/freedom/securitysamples/vulnerability/massassignment/sec/MassAssignmentSafeController.java,38,@RequestBody UserProfileDTO,UserProfile.save (DTO-scoped),mass-assignment
JSEF-RACE-001,362,L1,vuln,src/main/java/com/freedom/securitysamples/vulnerability/raceCondition/vuln/RaceConditionUnsafeController.java,77,sharedCounter++,sharedCounter (non-atomic read-modify-write),race-condition
JSEF-RACE-001S,362,L1,safe,src/main/java/com/freedom/securitysamples/vulnerability/raceCondition/sec/RaceConditionSafeController.java,75,sharedCounter++,sharedCounter (synchronized),race-condition
JSEF-CVE334050-001,502,L1,vuln,src/main/java/com/freedom/securitysamples/vulnerability/cve202334050/vuln/Cve202334050UnsafeController.java,62,@RequestBody base64Payload,SimpleMessageConverter.fromMessage,unsafe-deserialization
JSEF-CVE334050-001S,502,L1,safe,src/main/java/com/freedom/securitysamples/vulnerability/cve202334050/sec/Cve202334050SafeController.java,71,jsonPayload,Jackson2JsonMessageConverter.fromMessage (allowlist),unsafe-deserialization
JSEF-CVE342809-001,502,L1,vuln,src/main/java/com/freedom/securitysamples/vulnerability/cve202342809/vuln/Cve202342809UnsafeController.java,54,@RequestBody base64Payload,RBucket.get (no allowlist),unsafe-deserialization
JSEF-CVE342809-001S,502,L1,safe,src/main/java/com/freedom/securitysamples/vulnerability/cve202342809/sec/Cve202342809SafeController.java,76,base64Payload,RBucket.get (allowlist enforced),unsafe-deserialization
JSEF-NUMERIC-001,20,L1,vuln,src/main/java/com/freedom/securitysamples/vulnerability/numericAndDateInput/vuln/NumericAndDateInputUnsafeController.java,36,@RequestParam numericInput,new BigDecimal (no length/format check),numeric-date-input
JSEF-NUMERIC-001S,20,L1,safe,src/main/java/com/freedom/securitysamples/vulnerability/numericAndDateInput/sec/NumericAndDateInputSafeController.java,52,numericInput,new BigDecimal (length-validated),numeric-date-input
JSEF-RATELIMIT-001,307,L1,vuln,src/main/java/com/freedom/securitysamples/vulnerability/ratelimiting/vuln/RateLimitingUnsafeController.java,45,@RequestParam phoneNumber,sendOtp (no rate limiting),missing-rate-limiting
JSEF-RATELIMIT-001S,307,L1,safe,src/main/java/com/freedom/securitysamples/vulnerability/ratelimiting/sec/RateLimitingSafeController.java,45,clientIp,sendOtp (rate-limited),missing-rate-limiting
JSEF-REGEXDOS-001,1333,L1,vuln,src/main/java/com/freedom/securitysamples/vulnerability/regularExpressionDOS/RegexDosVulnerabilityController.java,42,@RequestParam inputString,Pattern.matches("(a+)+b"),regex-dos
JSEF-HASHCOLL-001,694,L1,vuln,src/main/java/com/freedom/securitysamples/vulnerability/hashCollision/vuln/HashCollisionUnsafeController.java,42,@RequestParam input,HashMap.put (user-controlled key),hash-collision-dos
JSEF-HASHCOLL-001S,694,L1,safe,src/main/java/com/freedom/securitysamples/vulnerability/hashCollision/sec/HashCollisionSafeController.java,56,input,safeMap.put (SHA-256 key + length limit),hash-collision-dos
JSEF-JSONP-001,352,L1,vuln,src/main/java/com/freedom/securitysamples/vulnerability/jsonpCallback/JsonpCallbackInjectionController.java,41,callback,response body (script callback concat),jsonp-callback-injection
JSEF-HEADERINJ-001,113,L1,vuln,src/main/java/com/freedom/securitysamples/vulnerability/headerInjection/HeaderInjectionVulnerabilityController.java,41,@RequestParam untrustedHeaderValue,HttpHeaders.add (header injection),header-injection
JSEF-RISKY-001,111,L1,vuln,src/main/java/com/freedom/securitysamples/vulnerability/RiskyOperations/UnsafeOperationsVulnerabilityController.java,50,@RequestParam memoryAddressInput,Unsafe.getInt (arbitrary memory read),risky-operations
JSEF-L0-SQL-001,89,L0,vuln,benchmark/cases/vuln/level0/L0SqlDirect.java,25,userInput,Statement.executeQuery,sql-injection
JSEF-L0-SQL-001S,89,L0,safe,benchmark/cases/sec/level0/L0SqlDirectSafe.java,25,userInput,Statement.executeQuery,sql-injection
JSEF-L0-CMD-001,78,L0,vuln,benchmark/cases/vuln/level0/L0CmdDirect.java,22,userInput,Runtime.getRuntime().exec,command-injection
JSEF-L0-CMD-001S,78,L0,safe,benchmark/cases/sec/level0/L0CmdDirectSafe.java,29,userInput,Runtime.getRuntime().exec,command-injection
JSEF-L0-XSS-001,79,L0,vuln,benchmark/cases/vuln/level0/L0XssDirect.java,22,userInput,response.getWriter().print,xss-reflected
JSEF-L0-XSS-001S,79,L0,safe,benchmark/cases/sec/level0/L0XssDirectSafe.java,22,userInput,response.getWriter().print,xss-reflected
JSEF-L0-PT-001,22,L0,vuln,benchmark/cases/vuln/level0/L0PathDirect.java,23,userInput,new FileInputStream,path-traversal
JSEF-L0-PT-001S,22,L0,safe,benchmark/cases/sec/level0/L0PathDirectSafe.java,29,userInput,new FileInputStream,path-traversal
JSEF-L0-XXE-001,611,L0,vuln,benchmark/cases/vuln/level0/L0XxeDirect.java,25,untrusted xml,DocumentBuilder.parse,xxe
JSEF-L0-XXE-001S,611,L0,safe,benchmark/cases/sec/level0/L0XxeDirectSafe.java,28,untrusted xml,DocumentBuilder.parse,xxe
JSEF-L0-SSRF-001,918,L0,vuln,benchmark/cases/vuln/level0/L0SsrfDirect.java,22,userInput,URL.openConnection,ssrf
JSEF-L0-SSRF-001S,918,L0,safe,benchmark/cases/sec/level0/L0SsrfDirectSafe.java,29,userInput,URL.openConnection,ssrf
JSEF-L0-SPEL-001,917,L0,vuln,benchmark/cases/vuln/level0/L0SpelDirect.java,21,userInput,SpelExpressionParser.parseExpression,spel-injection
JSEF-L0-SPEL-001S,917,L0,safe,benchmark/cases/sec/level0/L0SpelDirectSafe.java,20,userInput,SpelExpressionParser.parseExpression,spel-injection
JSEF-L0-DESER-001,502,L0,vuln,benchmark/cases/vuln/level0/L0DeserDirect.java,26,untrusted bytes,ObjectInputStream.readObject,unsafe-deserialization
JSEF-L0-DESER-001S,502,L0,safe,benchmark/cases/sec/level0/L0DeserDirectSafe.java,24,untrusted bytes,ObjectInputStream.readObject,unsafe-deserialization
JSEF-L0-LDAP-001,90,L0,vuln,benchmark/cases/vuln/level0/L0LdapDirect.java,25,userInput,InitialDirContext.search,ldap-injection
JSEF-L0-LDAP-001S,90,L0,safe,benchmark/cases/sec/level0/L0LdapDirectSafe.java,25,userInput,InitialDirContext.search,ldap-injection
JSEF-L4-SQL-001,89,L4,vuln,benchmark/cases/vuln/level4/ChainSqlController.java,34,@RequestParam input,Statement.executeQuery,sql-injection
JSEF-L4-SQL-001S,89,L4,safe,benchmark/cases/sec/level4/ChainSqlControllerSafe.java,26,@RequestParam input,Statement.executeQuery,sql-injection
JSEF-L4-SQL-002,89,L4,vuln,benchmark/cases/vuln/level4/ChainSqlMapper.java,29,mapper sql,Statement.executeQuery,sql-injection
JSEF-L4-SQL-002S,89,L4,safe,benchmark/cases/sec/level4/ChainSqlServiceSafe.java,38,mapper param,PreparedStatement.executeQuery,sql-injection
JSEF-L4-BIND-001,915,L4,vuln,benchmark/cases/vuln/level4/SpringBindingTaint.java,43,@ModelAttribute(form.role),authorization check on role,mass-assignment
JSEF-L4-BIND-001S,915,L4,safe,benchmark/cases/sec/level4/SpringBindingTaintSafe.java,24,@ModelAttribute(form),authorization check on role,mass-assignment
JSEF-L4-CFG-001,489,L4,vuln,benchmark/cases/vuln/level4/ConfigFlagGatedSink.java,37,expr,ClassLoader.loadClass/reflection,config-gated-sink
JSEF-L4-CFG-001S,489,L4,safe,benchmark/cases/sec/level4/ConfigFlagGatedSinkSafe.java,20,expr,ClassLoader.loadClass/reflection,config-gated-sink
JSEF-L4-INT-001,917,L4,vuln,benchmark/cases/vuln/level4/InterceptTaint.java,42,interceptor-injected request attribute,SpelExpressionParser.parseExpression,spel-injection
JSEF-L4-INT-001S,917,L4,safe,benchmark/cases/sec/level4/InterceptTaintSafe.java,19,interceptor-injected request attribute,SpelExpressionParser.parseExpression,spel-injection
JSEF-L5-JDBC-001,89,L5,vuln,benchmark/cases/vuln/level5/GadgetChainJdbc.java,42,chained url fragment,DriverManager.getConnection,sql-injection
JSEF-L5-JDBC-001S,89,L5,safe,benchmark/cases/sec/level5/GadgetChainJdbcSafe.java,35,chained url fragment,DriverManager.getConnection,sql-injection
JSEF-L5-S4S-001,917,L5,vuln,benchmark/cases/vuln/level5/Spring4ShellChain.java,44,class.module.classLoader path,SpelExpressionParser.parseExpression,spel-injection
JSEF-L5-S4S-001S,917,L5,safe,benchmark/cases/sec/level5/Spring4ShellChainSafe.java,23,class.module.classLoader path,SpelExpressionParser.parseExpression,spel-injection
JSEF-L5-LOG4J-001,917,L5,vuln,benchmark/cases/vuln/level5/Log4jToJndiChain.java,57,multi-hop concatenated jndi key,JndiLookup.lookup,log4j-jndi
JSEF-L5-LOG4J-001S,917,L5,safe,benchmark/cases/sec/level5/Log4jToJndiChainSafe.java,30,multi-hop concatenated jndi key,JndiLookup.lookup,log4j-jndi
